Customer ID,Age,Gender,City,Annual Income,Spending Score,Tenure Months,Subscription Type,Last Purchase Date,Churned
1,22.0,Female,Chandigarh,41558.48,12.0,71.0,Premium,2026-04-13,0
2,58.0,Female,  CHANDIGARH,76345.13,57.0,46.0,Standard,2026-02-13,0
3,52.0,Female,  JAIPUR,38351.46,18.0,96.0,Premium,2026-06-05,1
4,40.0,,Jaipur,54845.41,32.0,61.0,Standard,2026-02-11,0
5,40.0,Female,  CHANDIGARH,49451.07,42.0,118.0,Standard,2026-06-03,0
6,62.0,Female,  MUMBAI,62957.77,14.0,52.0,Basic,2026-02-20,1
7,22.0,Male,Pune,48471.18,39.0,81.0,Premium,2025-12-17,1
8,54.0,Female,Mumbai,55123.91,27.0,13.0,Standard,2026-04-25,0
9,28.0,Female,Pune,,85.0,111.0,Basic,2026-04-27,1
10,22.0,,Chandigarh,46781.02,86.0,19.0,Standard,2026-06-05,0
11,45.0,Male,,68731.69,1.0,46.0,Standard,2026-01-07,0
12,68.0,Female,Pune,64290.99,60.0,100.0,Basic,2026-02-26,1
13,,Male,Ludhiana,58404.95,64.0,116.0,Basic,2026-03-26,1
14,57.0,Male,Chandigarh,52251.75,38.0,58.0,Basic,2026-09-21,0
15,55.0,Male,Mumbai,,47.0,58.0,Premium,2026-08-21,0
16,58.0,Male,Mumbai,55754.98,79.0,6.0,Basic,2026-09-28,0
17,44.0,,Pune,,38.0,117.0,Premium,2025-11-24,0
18,24.0,Female,Delhi,61884.42,7.0,2.0,Basic,2025-11-24,1
19,61.0,Male,Pune,90538.56,37.0,4.0,Standard,2026-09-06,0
20,41.0,Female,Chandigarh,35873.59,26.0,57.0,Basic,2026-09-14,0
21,44.0,Female,Mumbai,,,1.0,Premium,2025-12-19,0
22,37.0,Male,Ludhiana,25922.92,23.0,20.0,Basic,2026-03-23,0
23,27.0,Male,Mumbai,63910.92,15.0,75.0,Basic,2026-06-10,0
24,66.0,Female,Delhi,88351.49,98.0,84.0,Basic,2026-02-18,1
25,58.0,Male,Mumbai,68796.03,13.0,36.0,,2026-07-06,0
26,,Male,Pune,63071.25,70.0,95.0,Basic,2026-07-20,0
27,38.0,Female,  LUDHIANA,49911.91,72.0,73.0,Standard,2026-05-19,0
28,60.0,Other,,,62.0,28.0,Premium,2025-11-08,0
29,46.0,Female,Delhi,55462.87,91.0,85.0,Standard,2025-12-24,0
30,41.0,,Jaipur,45852.42,1.0,71.0,Standard,2026-07-23,0
31,41.0,Female,Chandigarh,54782.24,30.0,97.0,Basic,2026-03-09,0
32,29.0,Female,Delhi,63570.86,19.0,19.0,Premium,2025-11-12,0
33,22.0,Male,Pune,,58.0,28.0,Premium,2025-10-18,1
34,,Female,Ludhiana,45486.93,63.0,37.0,Basic,2025-12-26,0
35,64.0,Male,  LUDHIANA,35515.62,89.0,41.0,Premium,2026-08-14,0
36,,Male,,67033.05,38.0,106.0,Basic,2026-07-05,0
37,62.0,Female,Chandigarh,69815.82,24.0,88.0,Premium,2026-07-13,0
38,61.0,Male,Ludhiana,64169.89,92.0,65.0,Premium,2026-08-06,1
39,32.0,Male,,77373.07,67.0,65.0,Standard,2026-07-29,0
40,50.0,Female,Delhi,61581.62,76.0,106.0,Basic,2026-06-07,0
41,26.0,Other,  MUMBAI,67056.2,45.0,54.0,Standard,2026-03-12,0
42,57.0,Female,Delhi,65469.07,45.0,27.0,Basic,2026-05-08,1
43,,Female,,58352.28,39.0,17.0,,2026-04-30,0
44,36.0,Other,Pune,50445.21,75.0,40.0,Basic,2026-07-03,0
45,21.0,Male,Delhi,99854.75,21.0,78.0,Standard,,0
46,68.0,Male,Jaipur,51864.88,97.0,57.0,Premium,2025-10-01,0
47,41.0,Male,Chandigarh,48014.2,18.0,51.0,Basic,2026-02-24,1
48,64.0,Male,Chandigarh,67812.18,46.0,58.0,Basic,2026-07-09,0
49,,Female,Delhi,64533.38,32.0,117.0,Standard,,0
50,58.0,Male,Chandigarh,34713.75,64.0,119.0,Basic,2025-12-01,0
51,57.0,Male,Jaipur,80208.21,68.0,20.0,Basic,2025-10-13,1
52,,Male,Delhi,58304.5,91.0,14.0,Basic,2026-08-03,0
53,36.0,Male,  CHANDIGARH,40003.24,79.0,30.0,Basic,2026-02-09,0
54,42.0,Female,Mumbai,81398.11,25.0,102.0,Standard,2025-10-08,1
55,43.0,Male,  CHANDIGARH,71262.16,21.0,55.0,Standard,2025-12-10,0
56,20.0,Male,  MUMBAI,37238.24,88.0,103.0,Basic,2026-07-10,1
57,46.0,Male,Chandigarh,91989.29,49.0,77.0,Basic,2025-11-09,1
58,26.0,Female,Ludhiana,71858.35,,66.0,Basic,2026-04-30,0
59,56.0,Female,Mumbai,59816.47,82.0,34.0,Basic,2026-04-05,0
60,53.0,Female,Delhi,,65.0,41.0,Standard,2026-03-11,0
61,65.0,Male,Delhi,62867.36,3.0,18.0,Basic,2025-12-23,0
62,56.0,Male,Delhi,59494.5,78.0,62.0,Standard,2026-08-18,0
63,37.0,Female,Mumbai,48114.6,61.0,34.0,Premium,2026-03-18,1
64,68.0,Female,Ludhiana,70473.31,61.0,35.0,Standard,2025-12-06,0
65,39.0,Female,Chandigarh,68578.85,86.0,5.0,Standard,2026-03-14,0
66,34.0,Female,Pune,60264.24,50.0,96.0,Basic,2026-06-22,0
67,65.0,Female,Chandigarh,,46.0,112.0,Basic,2026-09-10,0
68,37.0,Male,  CHANDIGARH,62338.74,62.0,60.0,Basic,,0
69,21.0,Male,Ludhiana,58743.62,20.0,64.0,Standard,,1
70,,Female,Ludhiana,,16.0,111.0,Premium,2026-03-14,0
71,59.0,Male,Mumbai,33507.38,84.0,61.0,Basic,2025-10-08,0
72,27.0,Female,Mumbai,70172.76,,75.0,Basic,2026-02-23,0
73,42.0,Female,  DELHI,13166.01,50.0,51.0,,2026-03-29,0
74,24.0,Female,,63697.39,27.0,62.0,Standard,2026-09-10,1
75,53.0,Female,  PUNE,51394.5,23.0,63.0,Standard,2026-03-11,0
76,42.0,Female,Chandigarh,83548.44,60.0,85.0,,2026-07-31,0
77,35.0,,Ludhiana,51117.57,80.0,72.0,Premium,2026-01-09,0
78,29.0,Female,Chandigarh,71870.72,44.0,60.0,Basic,2026-08-03,0
79,47.0,,Delhi,52855.55,,10.0,Standard,2025-11-04,0
80,,Male,Mumbai,62047.47,25.0,108.0,Standard,2026-06-12,1
81,66.0,Female,Mumbai,73263.06,,106.0,Basic,2026-04-25,1
82,40.0,Female,Chandigarh,51674.0,88.0,22.0,Premium,2026-08-09,0
83,26.0,Male,Delhi,77937.99,32.0,35.0,Basic,2026-07-16,0
84,61.0,Male,Delhi,42113.44,38.0,116.0,,2025-10-29,0
85,50.0,Female,Mumbai,65302.67,8.0,39.0,Standard,2026-06-19,0
86,54.0,Female,Mumbai,76607.52,45.0,97.0,,2026-03-27,0
87,23.0,Male,  DELHI,,,94.0,Standard,2025-10-07,0
88,34.0,Male,Delhi,94496.01,41.0,103.0,Basic,,0
89,57.0,Male,Delhi,46258.09,65.0,2.0,Premium,2026-09-15,0
90,61.0,,Mumbai,35175.31,19.0,58.0,Standard,2026-05-23,0
91,40.0,Female,Mumbai,42101.97,,68.0,Standard,2026-05-12,0
92,59.0,Male,Mumbai,71887.97,73.0,100.0,Standard,2026-06-22,0
93,61.0,Male,Chandigarh,68962.61,7.0,27.0,Basic,2026-07-04,0
94,38.0,Female,Delhi,,45.0,37.0,Standard,2026-03-31,0
95,,Male,Jaipur,39786.77,32.0,22.0,Premium,2026-05-16,1
96,32.0,Male,Chandigarh,680608.7613913941,2.0,91.0,Basic,2026-06-15,0
97,30.0,Female,Delhi,37955.31,53.0,119.0,Basic,2026-05-03,0
98,53.0,Female,Delhi,,96.0,17.0,Premium,2026-05-28,0
99,51.0,Other,Delhi,111433.89,7.0,28.0,Standard,2026-07-09,0
100,25.0,Female,,66596.12,81.0,37.0,Premium,2026-04-18,0
101,61.0,Male,Mumbai,70495.95,54.0,106.0,Basic,2025-10-22,0
102,28.0,Female,Ludhiana,51128.52,72.0,54.0,Premium,2026-03-30,0
103,59.0,Female,Ludhiana,27416.16,10.0,34.0,Basic,2026-02-24,0
104,18.0,,Mumbai,49151.05,87.0,39.0,Standard,2025-10-06,0
105,59.0,Other,Chandigarh,40327.89,2.0,72.0,Basic,2026-02-19,1
106,58.0,Female,Delhi,33953.92,90.0,47.0,Standard,2026-07-11,0
107,58.0,,Jaipur,91002.48,66.0,17.0,Premium,2026-05-08,0
108,52.0,,Mumbai,64911.53,34.0,98.0,Standard,,0
109,42.0,Female,Jaipur,66834.38,1.0,51.0,Standard,2026-04-10,0
110,54.0,Male,Delhi,54437.6,61.0,31.0,,2026-08-07,0
111,32.0,,Pune,56888.32,9.0,87.0,Standard,2026-08-23,0
112,58.0,Female,Chandigarh,77361.91,,89.0,Standard,2026-05-26,0
113,46.0,Other,Ludhiana,,77.0,19.0,Basic,2025-11-01,0
114,41.0,Other,Jaipur,69552.49,27.0,9.0,Standard,2026-01-12,0
115,44.0,Male,Mumbai,56471.92,24.0,6.0,Premium,2025-11-27,0
116,47.0,Female,  MUMBAI,53841.25,22.0,92.0,Standard,2026-07-29,0
117,19.0,Female,Pune,34675.55,23.0,75.0,Standard,2026-05-02,0
118,25.0,Male,Pune,24400.52,12.0,95.0,Basic,2026-03-02,0
119,30.0,Male,Ludhiana,55291.89,25.0,75.0,Standard,2026-04-25,1
120,,Male,  JAIPUR,61016.94,66.0,48.0,Basic,2026-05-01,1
121,40.0,Female,Pune,36849.66,30.0,71.0,Basic,2026-05-22,0
122,52.0,Female,Jaipur,59379.45,78.0,86.0,Basic,2026-09-12,0
123,52.0,Other,Mumbai,,82.0,48.0,Basic,2025-11-22,0
124,42.0,Male,Pune,21191.86,76.0,109.0,Basic,2025-10-25,0
125,62.0,Other,,43527.76,54.0,108.0,,2026-09-01,0
126,47.0,,Jaipur,67330.75,32.0,96.0,Basic,2026-05-03,0
127,22.0,Female,Chandigarh,66967.06,93.0,119.0,Basic,2026-03-25,0
128,57.0,Male,Jaipur,39233.85,21.0,47.0,Basic,2025-12-18,1
129,47.0,Female,Pune,62852.06,46.0,14.0,Standard,2025-10-05,0
130,51.0,Female,,78403.33,45.0,58.0,Basic,2026-05-02,0
131,47.0,Female,Mumbai,73987.31,74.0,89.0,Basic,2025-12-31,0
132,46.0,Female,Mumbai,,55.0,93.0,Standard,2025-10-23,0
133,22.0,Male,Chandigarh,51576.43,80.0,47.0,Basic,2025-12-01,0
134,47.0,Male,Ludhiana,48671.8,91.0,35.0,Premium,2026-06-16,1
135,59.0,Male,,68420.76,39.0,54.0,,2025-12-06,1
136,33.0,Male,Ludhiana,63511.87,87.0,96.0,Basic,2026-05-03,0
137,,Female,Pune,,17.0,8.0,Basic,2026-09-24,0
138,19.0,Female,Mumbai,,91.0,40.0,Standard,2025-12-28,0
139,36.0,Female,Mumbai,74737.75,,28.0,Basic,2025-11-30,0
140,40.0,Female,Mumbai,61702.67,85.0,96.0,Premium,2026-05-28,0
141,69.0,Female,,74124.4,39.0,56.0,Basic,2026-04-19,0
142,29.0,Female,Mumbai,75674.81,96.0,11.0,Standard,2026-05-21,0
143,32.0,Male,Mumbai,45518.52,13.0,32.0,Basic,2026-08-19,0
144,39.0,Male,Pune,27453.41,47.0,6.0,Basic,2025-10-02,0
145,69.0,Female,Chandigarh,87782.87,90.0,57.0,Basic,2026-09-22,1
146,62.0,Female,Pune,64619.86,5.0,119.0,Standard,2026-03-12,0
147,19.0,Male,  PUNE,29139.25,27.0,68.0,Basic,2026-09-25,1
148,30.0,Female,Jaipur,47151.25,9.0,104.0,Premium,2026-01-22,0
149,60.0,Female,Jaipur,73893.74,32.0,89.0,Standard,2025-11-06,1
150,21.0,Male,Ludhiana,54965.82,39.0,106.0,Premium,2026-02-08,0
151,62.0,Male,Chandigarh,50782.89,62.0,38.0,Basic,2026-02-21,0
152,32.0,Female,Delhi,85215.87,26.0,114.0,Standard,2025-12-02,0
153,,Female,Delhi,41148.83,16.0,29.0,Standard,2025-10-10,1
154,33.0,Male,Chandigarh,45633.24,17.0,53.0,Standard,2025-11-20,0
155,40.0,Female,Ludhiana,63804.96,,82.0,Premium,2026-07-08,0
156,52.0,,Jaipur,67028.19,95.0,35.0,Standard,2026-03-09,1
157,24.0,Female,Chandigarh,68934.17,22.0,32.0,Premium,2025-12-06,0
158,46.0,Male,Jaipur,76402.28,20.0,16.0,Standard,2026-06-15,1
159,44.0,Female,Chandigarh,63574.42,6.0,1.0,Basic,2026-01-27,0
160,58.0,Male,Jaipur,68808.91,95.0,60.0,Standard,2026-09-22,0
161,69.0,Male,Ludhiana,55334.23,70.0,118.0,Basic,,0
162,52.0,Female,Jaipur,61128.57,76.0,27.0,Premium,2026-02-18,0
163,39.0,Male,Ludhiana,61935.62,29.0,53.0,Premium,2026-01-02,0
164,39.0,Male,Delhi,63871.77,64.0,112.0,Basic,2025-12-03,0
165,39.0,,Ludhiana,73905.72,6.0,92.0,Basic,2026-07-13,0
166,60.0,Female,Mumbai,69992.62,67.0,1.0,Basic,2026-04-19,1
167,,,Chandigarh,60795.91,58.0,60.0,Basic,,1
168,26.0,Other,Delhi,45435.73,,18.0,Basic,2026-08-01,0
169,35.0,Male,Chandigarh,61218.08,71.0,30.0,Standard,2025-12-04,0
170,19.0,Male,Pune,59495.68,64.0,30.0,Standard,2026-06-17,0
171,23.0,Male,Pune,63477.27,44.0,73.0,Premium,2026-03-04,1
172,22.0,Female,Jaipur,99717.46,19.0,24.0,Basic,2026-03-28,0
173,58.0,Other,Mumbai,50572.09,3.0,30.0,Standard,2026-01-23,0
174,999.0,Female,Mumbai,67601.2,93.0,27.0,,2025-11-29,0
175,54.0,Female,Jaipur,79232.32,28.0,43.0,Premium,2026-05-26,1
176,42.0,Male,Pune,61764.03,30.0,79.0,Basic,2026-07-30,1
177,55.0,Female,Pune,102081.21,68.0,48.0,Basic,2026-04-29,0
178,26.0,Female,  DELHI,53195.29,26.0,39.0,Basic,2026-02-19,1
179,64.0,Male,Delhi,65833.61,38.0,62.0,Premium,2025-12-31,0
180,,Male,Delhi,45621.5,71.0,74.0,Basic,2025-12-30,0
181,66.0,,Delhi,53672.55,59.0,2.0,Standard,2026-05-29,1
182,,,  DELHI,64480.81,65.0,106.0,Standard,2025-10-24,0
183,43.0,Male,Chandigarh,75233.47,1.0,110.0,Standard,2026-08-31,0
184,54.0,Male,Ludhiana,65743.71,45.0,72.0,Basic,2026-08-19,1
185,43.0,Female,Pune,82664.07,,69.0,Basic,2026-09-21,1
186,41.0,Male,,58290.62,63.0,83.0,Basic,2025-10-27,0
187,26.0,Male,Chandigarh,,15.0,53.0,Basic,2026-07-27,0
188,37.0,Female,Mumbai,108671.73,16.0,44.0,Standard,2026-02-23,1
189,30.0,Female,Ludhiana,67096.28,76.0,42.0,Basic,2025-12-08,0
190,33.0,Female,Jaipur,47049.33,67.0,20.0,Basic,2025-12-25,1
191,53.0,Male,Ludhiana,47503.25,81.0,101.0,Basic,2025-10-19,0
192,50.0,Female,Chandigarh,43031.76,,39.0,,2026-09-11,0
193,49.0,Male,Chandigarh,76858.25,99.0,34.0,Basic,2026-05-05,0
194,36.0,Male,Delhi,53441.21,28.0,115.0,Standard,2026-03-30,1
195,67.0,Female,Chandigarh,62292.52,65.0,61.0,Basic,2026-01-19,1
196,22.0,Female,Delhi,58856.84,17.0,74.0,Premium,2026-02-15,0
197,35.0,Female,Delhi,73166.86,91.0,30.0,Standard,2026-03-10,0
198,24.0,Female,Chandigarh,44758.61,33.0,34.0,Basic,2026-06-11,1
199,35.0,Female,Jaipur,40639.7,80.0,87.0,Basic,2026-08-23,0
200,68.0,Male,Delhi,64037.35,33.0,54.0,Basic,2026-04-26,0
201,37.0,Male,Jaipur,70817.27,79.0,18.0,Basic,2026-06-28,1
202,65.0,Male,Jaipur,65985.58,45.0,100.0,Basic,2026-03-12,1
203,43.0,Male,Chandigarh,45429.83,7.0,48.0,Premium,2025-12-14,1
204,54.0,Female,Ludhiana,,19.0,80.0,Standard,2026-03-13,0
205,41.0,Male,Delhi,46610.5,68.0,41.0,Basic,2026-03-02,0
206,31.0,Female,Chandigarh,50612.3,20.0,67.0,Standard,2026-09-15,1
207,57.0,Female,Jaipur,43008.84,28.0,93.0,Basic,2026-02-07,0
208,68.0,Female,Chandigarh,83420.85,54.0,106.0,Premium,2026-04-23,0
209,31.0,Male,Mumbai,71401.59,26.0,25.0,,2026-08-16,1
210,58.0,Male,Delhi,70889.88,13.0,81.0,,2026-07-14,0
211,31.0,Other,Jaipur,82449.81,62.0,109.0,Standard,2025-12-20,1
212,55.0,Female,Delhi,110627.69,69.0,77.0,,2025-10-31,0
213,59.0,Female,Mumbai,29233.93,73.0,18.0,Basic,2026-03-29,1
214,41.0,Female,Jaipur,,94.0,23.0,Basic,2025-10-09,0
215,56.0,Female,Pune,48908.85,13.0,25.0,,2026-07-27,0
216,32.0,Male,Delhi,44685.25,43.0,13.0,Standard,2026-06-13,1
217,22.0,,Ludhiana,40603.5,24.0,90.0,Standard,2025-10-26,0
218,23.0,Male,Mumbai,54606.24,90.0,115.0,Standard,2026-07-29,0
219,41.0,Female,Jaipur,38101.13,54.0,62.0,Premium,2026-02-02,0
220,64.0,Female,Mumbai,66030.76,10.0,72.0,Basic,,1
221,24.0,Female,Chandigarh,60930.57,69.0,93.0,Standard,2026-06-02,1
222,41.0,Male,,68658.52,5.0,50.0,Standard,2026-04-09,0
223,,Male,Chandigarh,69139.11,28.0,57.0,Basic,2026-05-22,0
224,28.0,,Chandigarh,70854.12,72.0,71.0,Premium,2025-11-15,0
225,55.0,Male,Pune,53278.64,51.0,37.0,Basic,2025-10-10,1
226,33.0,Male,Chandigarh,98180.58,76.0,8.0,,2026-04-01,1
227,60.0,Male,Pune,64219.76,57.0,2000.0,Premium,,1
228,48.0,Male,Mumbai,26475.27,84.0,98.0,Basic,2026-09-10,0
229,46.0,Male,Chandigarh,41957.24,56.0,9.0,Basic,2026-07-07,0
230,27.0,Female,Jaipur,28670.95,6.0,26.0,Basic,2026-09-16,1
231,42.0,Male,Jaipur,60312.02,,32.0,Standard,2025-11-22,1
232,62.0,Male,Delhi,57807.51,77.0,96.0,Premium,2026-07-10,0
233,19.0,Male,Chandigarh,51568.34,4.0,61.0,Basic,2026-05-29,0
234,57.0,Male,Ludhiana,96196.67,38.0,64.0,Basic,2025-11-27,0
235,43.0,,  PUNE,69881.69,2.0,77.0,Basic,2026-01-13,0
236,55.0,Female,Pune,73069.77,31.0,33.0,Premium,2026-02-16,0
237,52.0,Male,,43240.68,59.0,85.0,Basic,2026-09-16,0
238,40.0,Male,,42015.39,18.0,4.0,Premium,2026-03-09,0
239,34.0,Male,Jaipur,,47.0,14.0,Premium,2026-03-10,1
240,50.0,Male,Ludhiana,63114.13,99.0,98.0,Basic,2026-06-06,0
241,,,  DELHI,26586.39,7.0,79.0,,,1
242,,,  DELHI,56754.47,7.0,21.0,Standard,2025-10-26,0
243,22.0,Female,Jaipur,60253.3,27.0,53.0,Standard,2026-06-28,0
244,51.0,Male,,56127.32,82.0,7.0,Basic,2026-06-02,0
245,50.0,Female,Chandigarh,45358.97,41.0,80.0,Premium,2026-06-05,0
246,22.0,Female,Chandigarh,50288.37,64.0,90.0,Standard,2025-11-30,0
247,57.0,Male,Chandigarh,56816.53,4.0,34.0,Standard,2026-09-02,0
248,39.0,Male,  LUDHIANA,61634.4,73.0,42.0,Premium,2025-11-07,1
249,58.0,Female,Ludhiana,70886.25,7.0,29.0,Basic,2025-12-22,1
250,20.0,Female,Mumbai,79455.41,71.0,47.0,Premium,2026-04-07,0
251,27.0,Male,Mumbai,54701.74,15.0,33.0,Premium,2026-03-02,0
252,43.0,Male,Chandigarh,51789.19,85.0,30.0,Basic,2025-11-08,0
253,27.0,Male,  LUDHIANA,67877.8,30.0,52.0,Basic,,0
254,35.0,,Mumbai,70995.21,19.0,103.0,Basic,2026-06-21,0
255,52.0,Female,Delhi,52184.39,34.0,91.0,Premium,2026-09-12,0
256,,Male,Delhi,74227.08,1.0,36.0,Basic,2026-02-02,0
257,53.0,,Delhi,77632.54,17.0,113.0,Standard,2026-08-08,0
258,,Female,Delhi,83250.36,60.0,26.0,Basic,,1
259,27.0,Male,Pune,92009.78,30.0,109.0,Basic,2025-10-07,1
260,48.0,Male,Mumbai,44404.51,36.0,37.0,Standard,2026-04-11,0
261,59.0,Female,Mumbai,60250.17,80.0,65.0,Basic,2026-02-05,1
262,26.0,Male,Mumbai,60203.0,13.0,25.0,Premium,2026-07-13,0
263,,Male,Chandigarh,,40.0,91.0,Basic,2026-08-24,0
264,66.0,,Jaipur,48313.27,19.0,38.0,Premium,2026-09-08,1
265,69.0,Female,Pune,33259.88,48.0,104.0,Basic,2026-05-24,1
266,48.0,Male,Pune,61668.23,33.0,10.0,Premium,2026-09-29,1
267,,Male,Chandigarh,46169.6,5.0,60.0,Standard,2026-04-30,0
268,36.0,Male,Chandigarh,61547.88,7.0,19.0,Basic,2026-06-04,1
269,49.0,Male,Ludhiana,45707.22,85.0,106.0,Basic,2026-03-22,0
270,48.0,Female,Jaipur,40206.15,6.0,50.0,Basic,2026-02-27,0
271,33.0,Male,Ludhiana,64217.37,,81.0,Standard,,0
272,19.0,Female,Mumbai,62716.59,91.0,105.0,Premium,2026-04-17,1
273,25.0,Female,Pune,70427.08,47.0,64.0,Basic,,0
274,67.0,Female,Mumbai,99345.55,31.0,7.0,Basic,2026-06-12,0
275,39.0,Male,Delhi,64991.21,77.0,27.0,Standard,2025-10-08,1
276,43.0,Female,Jaipur,68731.47,98.0,26.0,Standard,2025-10-04,0
277,42.0,Female,Ludhiana,40603.9,,109.0,Standard,2026-04-06,0
278,58.0,Male,Delhi,36835.67,96.0,109.0,Basic,2025-10-23,0
279,,Female,Jaipur,88490.93,94.0,57.0,Standard,2026-04-01,0
280,22.0,Female,Chandigarh,43377.36,15.0,106.0,,2026-08-16,1
281,32.0,Male,Ludhiana,41209.01,6.0,30.0,Basic,2025-11-18,0
282,43.0,Female,Chandigarh,59296.22,71.0,81.0,Basic,2026-05-02,0
283,52.0,Male,Jaipur,58376.54,8.0,47.0,Basic,2026-02-19,0
284,43.0,Female,Ludhiana,,60.0,29.0,Standard,2026-02-06,0
285,40.0,Other,Mumbai,54510.48,7.0,30.0,Basic,2026-06-10,1
286,66.0,Male,Mumbai,82128.76,,50.0,Premium,2026-01-06,0
287,26.0,Female,Ludhiana,45492.12,23.0,41.0,Standard,2026-04-01,1
288,,Male,Delhi,34913.9,10.0,26.0,Standard,2026-05-20,0
289,46.0,Female,Delhi,76966.69,7.0,40.0,Standard,2026-06-14,0
290,42.0,Female,Delhi,68861.34,,16.0,Basic,2026-01-01,0
291,59.0,Male,  MUMBAI,48830.66,54.0,116.0,Premium,2026-07-01,0
292,31.0,Male,Mumbai,31520.99,8.0,46.0,Basic,2026-08-16,0
293,67.0,,Delhi,46596.78,80.0,13.0,Standard,2025-11-13,1
294,,Male,Delhi,59015.32,60.0,69.0,Premium,2026-06-01,0
295,,Male,Delhi,80982.1,30.0,106.0,Standard,2026-02-09,0
296,45.0,Male,Chandigarh,41341.52,98.0,43.0,Premium,2026-01-12,0
297,62.0,Male,Delhi,58478.64,66.0,101.0,Basic,2025-11-29,0
298,40.0,Male,Jaipur,72152.6,67.0,73.0,Premium,2026-02-14,0
299,32.0,Female,Pune,17137.19,18.0,88.0,Standard,2026-01-15,1
300,19.0,,Chandigarh,,71.0,36.0,,2025-11-29,0
301,36.0,,Pune,38715.89,56.0,5.0,Basic,2025-10-21,0
302,60.0,Male,Delhi,65975.92,98.0,42.0,Basic,2026-09-13,0
303,18.0,Female,Pune,64440.3,48.0,111.0,Standard,2026-01-02,0
304,64.0,Female,Delhi,79522.56,68.0,95.0,Basic,2026-07-29,0
305,46.0,Male,Ludhiana,,34.0,94.0,Standard,2025-11-09,0
306,25.0,Male,Delhi,17208.77,4.0,105.0,Premium,2026-09-13,0
307,33.0,Female,Delhi,,13.0,45.0,Premium,,1
308,46.0,Male,Ludhiana,62487.69,86.0,39.0,Basic,2026-07-22,0
309,34.0,Female,Ludhiana,56490.36,74.0,111.0,Premium,2026-02-22,0
310,23.0,Other,Jaipur,68596.99,37.0,69.0,Basic,2026-09-29,0
311,52.0,,,74208.6,70.0,36.0,Basic,2026-09-24,0
312,52.0,Male,Mumbai,70952.13,,34.0,Premium,2026-03-30,0
313,24.0,Other,Jaipur,56143.05,4.0,105.0,Basic,2025-10-11,0
314,32.0,Female,Delhi,26765.93,,7.0,Basic,2026-03-22,1
315,30.0,Male,,51801.34,62.0,8.0,Basic,2026-04-21,0
316,52.0,Female,Jaipur,67494.63,93.0,88.0,Standard,2026-02-02,0
317,55.0,Female,Pune,40371.95,76.0,1.0,Premium,2026-03-13,0
318,55.0,Female,,71362.95,26.0,21.0,,2026-05-13,0
319,66.0,Female,Delhi,76351.08,81.0,118.0,,2026-02-28,0
320,57.0,Male,Ludhiana,62283.61,49.0,51.0,Standard,2026-09-29,0
321,34.0,,Ludhiana,4851.96,82.0,87.0,Basic,2026-07-03,0
322,23.0,Female,Ludhiana,36994.41,18.0,58.0,Standard,2026-01-28,0
323,49.0,Male,Chandigarh,93951.4,3.0,11.0,Premium,2026-05-29,1
324,,Female,Pune,50162.32,6.0,22.0,,2026-09-11,1
325,68.0,Female,Mumbai,,99.0,91.0,Premium,2026-08-16,0
326,29.0,Male,Chandigarh,82234.45,8.0,12.0,,2025-11-18,0
327,30.0,Female,Ludhiana,60240.4,93.0,71.0,Premium,2026-06-02,1
328,19.0,Male,Delhi,79888.93,72.0,42.0,Basic,2026-09-22,1
329,25.0,Female,Mumbai,64985.26,15.0,45.0,Basic,,1
330,46.0,Male,Jaipur,68254.06,86.0,114.0,Standard,2026-03-21,0
331,46.0,Female,Pune,66534.17,15.0,73.0,,2026-04-19,0
332,37.0,Female,Jaipur,72554.79,15.0,74.0,Premium,2025-11-08,0
333,34.0,Male,Delhi,100993.75,57.0,42.0,Standard,2026-06-08,1
334,61.0,Female,,77478.11,29.0,46.0,Premium,2026-03-06,0
335,41.0,,Ludhiana,31553.89,,82.0,Basic,2026-01-02,0
336,60.0,Female,Delhi,68039.91,20.0,5.0,Basic,,0
337,68.0,Female,Pune,80546.65,61.0,29.0,Standard,2026-07-17,0
338,34.0,Other,Ludhiana,81648.61,3.0,72.0,Basic,,0
339,28.0,Male,Jaipur,52321.11,25.0,75.0,Standard,2026-01-02,0
340,67.0,Female,Jaipur,80969.0,55.0,11.0,Standard,2026-08-17,0
341,51.0,Male,Pune,76699.36,49.0,94.0,Premium,2026-08-01,0
342,33.0,Female,Delhi,106305.31,70.0,65.0,Standard,2026-01-27,0
343,50.0,Female,Ludhiana,46499.97,22.0,29.0,Basic,2026-08-18,0
344,44.0,Male,Pune,50866.79,65.0,90.0,Basic,2025-11-13,1
345,65.0,Male,Pune,54489.86,76.0,118.0,Standard,2026-08-22,0
346,31.0,Female,Chandigarh,51176.0,39.0,51.0,Basic,2025-10-10,0
347,69.0,Male,Pune,43979.63,26.0,34.0,Basic,2026-01-28,0
348,66.0,Female,Ludhiana,10271.84,55.0,36.0,Basic,2026-04-22,0
349,27.0,Male,Ludhiana,52175.41,58.0,71.0,Basic,2026-06-25,0
350,26.0,Other,Chandigarh,66648.45,10.0,6.0,,2026-05-28,0
351,45.0,Male,Ludhiana,51122.01,56.0,58.0,Basic,2025-12-31,0
352,20.0,Male,,94836.86,16.0,3.0,Standard,2025-12-30,0
353,33.0,Female,Ludhiana,60240.76,57.0,5.0,Basic,,0
354,40.0,Female,,83238.52,93.0,52.0,Standard,2026-03-16,0
355,68.0,Male,Jaipur,,54.0,89.0,,2025-10-03,0
356,,Male,,,76.0,106.0,Premium,2026-06-29,0
357,25.0,Female,Ludhiana,65026.35,31.0,11.0,Basic,2026-01-20,0
358,64.0,Female,  JAIPUR,,92.0,30.0,Standard,2026-07-30,0
359,22.0,Male,Delhi,61006.91,,51.0,Basic,2025-11-30,0
360,56.0,Female,Pune,68930.17,91.0,69.0,Basic,2026-07-30,1
361,61.0,Female,Jaipur,66593.99,74.0,118.0,Basic,2026-06-14,1
362,64.0,Female,Chandigarh,54810.86,65.0,82.0,Premium,2026-04-16,0
363,29.0,Female,Ludhiana,67289.68,52.0,65.0,,2026-05-18,0
364,64.0,Female,Chandigarh,,92.0,8.0,Basic,2026-07-30,0
365,24.0,Male,Ludhiana,55132.86,84.0,10.0,Basic,2026-02-09,0
366,44.0,Female,Chandigarh,67550.37,42.0,19.0,Standard,2026-09-23,1
367,42.0,Female,Pune,82640.02,9.0,79.0,Standard,2025-10-07,0
368,34.0,Female,Delhi,80524.56,1.0,40.0,Basic,2026-09-11,1
369,19.0,,Mumbai,60210.9,24.0,29.0,Standard,2026-06-01,0
370,58.0,Male,Ludhiana,,7.0,80.0,Standard,2025-10-26,0
371,35.0,Female,Jaipur,69300.65,21.0,98.0,Standard,2026-08-05,1
372,52.0,Male,  DELHI,20049.46,11.0,53.0,,2026-09-04,0
373,39.0,Other,Delhi,86458.87,98.0,105.0,Basic,2026-01-02,1
374,37.0,Male,Pune,63050.53,,88.0,Basic,2026-09-04,0
375,64.0,Female,Chandigarh,77994.13,63.0,86.0,Standard,2025-11-06,1
376,22.0,Female,Pune,43762.0,35.0,104.0,Basic,2026-04-19,0
377,56.0,Male,Pune,32054.87,18.0,22.0,,2025-11-17,0
378,56.0,Male,  PUNE,64693.58,70.0,91.0,Standard,2026-07-03,1
379,37.0,Female,Jaipur,59395.14,97.0,114.0,Standard,2026-08-10,0
380,31.0,Female,Mumbai,51152.27,79.0,119.0,Basic,2025-10-14,0
381,18.0,,Chandigarh,61523.9,97.0,69.0,Basic,2025-12-26,1
382,66.0,Female,  CHANDIGARH,109813.85,59.0,90.0,Basic,2025-11-02,0
383,67.0,Female,Jaipur,75021.46,67.0,106.0,Standard,2026-06-06,1
384,30.0,Male,Jaipur,78890.97,15.0,102.0,Premium,2026-05-06,0
385,19.0,Male,Chandigarh,,85.0,107.0,Basic,2026-03-04,0
386,24.0,Male,Delhi,86630.32,75.0,100.0,Premium,2026-04-20,0
387,21.0,,Chandigarh,56578.71,26.0,46.0,Basic,2026-07-04,0
388,61.0,,Chandigarh,23014.3,36.0,87.0,Basic,2026-05-17,1
389,64.0,Male,  DELHI,56605.45,61.0,49.0,Basic,2026-02-20,0
390,25.0,Female,Chandigarh,74611.24,2.0,96.0,Standard,2026-09-17,0
391,56.0,Male,Delhi,42543.59,81.0,97.0,Basic,2026-05-31,0
392,27.0,Female,Pune,56825.41,28.0,112.0,,2026-06-16,0
393,37.0,Male,Chandigarh,752581.2135779824,8.0,71.0,Standard,2026-09-05,0
394,49.0,Male,Delhi,87036.53,33.0,57.0,Standard,2026-08-17,1
395,55.0,Female,Mumbai,,83.0,20.0,Basic,2026-04-03,1
396,63.0,Female,Chandigarh,71727.73,28.0,76.0,Basic,2026-08-24,1
397,20.0,Male,,71188.82,54.0,68.0,,2026-05-28,0
398,28.0,Male,Jaipur,59329.51,,62.0,Basic,2026-03-10,0
399,32.0,Male,Ludhiana,63556.01,4.0,81.0,Basic,2025-11-16,0
400,34.0,Female,Chandigarh,38666.68,76.0,102.0,Standard,2026-08-25,0
401,69.0,Male,,20644.04,29.0,18.0,Basic,2026-04-25,0
402,58.0,Male,Jaipur,,69.0,52.0,Standard,2026-08-24,0
403,34.0,Male,Ludhiana,65831.82,19.0,86.0,Basic,2026-04-27,0
404,68.0,Female,Jaipur,81766.76,14.0,98.0,Basic,2026-04-08,1
405,43.0,Female,Mumbai,88284.04,79.0,93.0,Basic,,1
406,44.0,Female,Mumbai,88259.97,80.0,96.0,Basic,2026-04-22,1
407,,Female,Mumbai,42035.58,98.0,102.0,Basic,2025-10-24,0
408,25.0,,Pune,53659.23,68.0,115.0,Basic,2026-08-11,1
409,66.0,Male,Pune,68646.02,47.0,73.0,Premium,2026-09-11,0
410,18.0,Male,Mumbai,105574.28,20.0,30.0,Premium,2026-09-29,0
411,27.0,Female,Ludhiana,86641.79,30.0,68.0,Basic,2026-05-23,0
412,29.0,,Jaipur,80149.15,65.0,85.0,Standard,,0
413,32.0,Female,Delhi,53019.82,35.0,12.0,Standard,,0
414,24.0,,Ludhiana,44102.41,48.0,91.0,Premium,2026-07-06,0
415,18.0,Other,Pune,74200.34,17.0,65.0,Basic,2025-10-10,0
416,53.0,Female,Mumbai,40188.1,44.0,112.0,Basic,2025-12-12,0
417,68.0,Male,Pune,55708.15,24.0,26.0,Basic,,1
418,24.0,Male,Jaipur,57934.0,12.0,108.0,Basic,2025-10-31,0
419,33.0,Male,Ludhiana,88672.42,14.0,54.0,Basic,2026-07-18,0
420,44.0,Female,Delhi,53615.45,52.0,69.0,Premium,2026-05-05,0
421,66.0,,Pune,16093.51,37.0,79.0,Premium,2026-06-03,1
422,54.0,Female,Chandigarh,69080.0,,69.0,Basic,2026-05-06,0
423,57.0,Female,Pune,,51.0,108.0,Basic,2025-12-27,0
424,48.0,Female,,60767.36,17.0,20.0,Basic,2026-01-13,0
425,39.0,Male,Pune,58439.32,2.0,87.0,Basic,2026-02-26,0
426,28.0,Male,Jaipur,55073.33,14.0,117.0,Standard,2026-02-14,0
427,62.0,Male,,74226.13,45.0,27.0,Basic,2026-01-08,0
428,59.0,Female,Jaipur,32408.43,95.0,31.0,Premium,2026-07-25,0
429,19.0,Female,Chandigarh,50693.74,24.0,57.0,Premium,2026-05-09,0
430,55.0,Female,Delhi,72312.68,,87.0,Standard,2026-08-22,0
431,22.0,Male,Delhi,48946.47,25.0,115.0,Standard,2026-01-16,0
432,56.0,Male,Chandigarh,31041.48,36.0,95.0,Standard,2026-04-24,0
433,60.0,Male,Delhi,413569.97944209015,72.0,95.0,Basic,2026-02-10,0
434,,Female,Mumbai,80215.7,32.0,53.0,Basic,2026-03-08,0
435,40.0,Female,Delhi,59190.09,66.0,77.0,Standard,2026-06-23,0
436,24.0,Male,Pune,24704.78,89.0,26.0,Basic,2026-08-11,0
437,47.0,Female,Delhi,72707.46,94.0,56.0,Premium,2025-10-10,0
438,66.0,Male,Pune,30122.02,56.0,23.0,,2026-06-15,0
439,22.0,Female,Jaipur,65558.39,71.0,4.0,Basic,2026-08-22,0
440,38.0,Male,  CHANDIGARH,44025.65,91.0,102.0,Basic,2026-06-11,0
441,68.0,Male,Jaipur,39122.89,78.0,96.0,Premium,2025-11-05,0
442,33.0,Female,Ludhiana,52045.62,30.0,61.0,Basic,2026-06-27,0
443,24.0,Male,Mumbai,56700.64,14.0,2.0,Basic,2025-10-05,0
444,43.0,Male,Delhi,48404.25,12.0,11.0,Basic,2026-04-15,1
445,44.0,Male,Jaipur,70596.66,88.0,14.0,Standard,2025-11-20,0
446,52.0,Male,Chandigarh,51970.75,56.0,86.0,Premium,2026-02-04,0
447,34.0,Female,Delhi,77643.44,30.0,25.0,,2026-09-14,1
448,67.0,,Pune,,35.0,30.0,Premium,2026-03-29,0
449,45.0,Female,Pune,47443.97,28.0,103.0,Basic,2026-05-01,0
450,32.0,Male,Mumbai,44413.08,80.0,105.0,Standard,2026-07-19,0
451,,Female,,30345.07,61.0,91.0,Basic,,1
452,66.0,Male,Ludhiana,65233.2,88.0,37.0,Basic,2026-08-24,1
453,43.0,Male,Mumbai,53617.42,30.0,70.0,Standard,2026-01-19,0
454,19.0,Male,Mumbai,,47.0,24.0,Standard,2025-12-05,1
455,49.0,Female,Chandigarh,50357.13,13.0,103.0,Basic,,0
456,46.0,Female,Jaipur,43781.39,97.0,11.0,,2026-04-09,0
457,25.0,Female,Chandigarh,88362.2,51.0,89.0,Premium,2026-02-03,0
458,50.0,Female,Ludhiana,29349.98,55.0,61.0,Basic,2026-09-08,0
459,61.0,Female,,34055.69,41.0,91.0,Standard,2026-05-11,0
460,23.0,Female,Mumbai,79979.45,27.0,54.0,Standard,2026-06-28,1
461,55.0,Female,Mumbai,84421.74,94.0,19.0,Basic,2026-09-16,0
462,25.0,Male,Jaipur,46590.31,49.0,90.0,Premium,2025-12-11,0
463,56.0,Male,Jaipur,48622.46,67.0,76.0,Basic,2026-04-21,0
464,39.0,Male,Ludhiana,71092.24,4.0,56.0,Standard,2025-12-30,0
465,18.0,Female,Mumbai,18112.2,28.0,45.0,Basic,2026-02-28,0
466,68.0,Female,Chandigarh,26498.51,80.0,41.0,Basic,2025-11-15,1
467,26.0,Female,Pune,54946.8,9.0,58.0,Standard,2025-10-02,0
468,48.0,Male,,87898.03,11.0,32.0,Standard,2026-02-23,0
469,27.0,Female,Pune,52156.86,81.0,34.0,Premium,2026-05-25,0
470,66.0,Male,Jaipur,61816.86,31.0,34.0,Premium,2026-04-29,1
471,56.0,Male,Delhi,80408.21,28.0,2.0,Basic,2025-12-03,1
472,59.0,Male,Chandigarh,97923.93,56.0,111.0,Basic,2026-04-28,0
473,40.0,Male,Chandigarh,49616.73,20.0,29.0,Basic,2026-03-25,0
474,42.0,Female,Jaipur,59696.94,5.0,20.0,,2026-07-22,0
475,50.0,Male,Delhi,92796.99,1.0,18.0,Basic,2025-10-04,1
476,58.0,Female,Delhi,32600.41,,118.0,Premium,2026-02-05,1
477,62.0,Male,Pune,78496.46,16.0,57.0,Standard,2026-06-02,1
478,18.0,Male,Pune,41670.32,69.0,39.0,Basic,2026-03-01,0
479,52.0,Female,Mumbai,61844.5,,49.0,Basic,2026-05-07,0
480,23.0,Male,Chandigarh,55632.86,8.0,11.0,Standard,2026-08-05,0
481,32.0,Other,Chandigarh,42755.79,2.0,38.0,Basic,2025-11-15,0
482,61.0,Female,Delhi,42304.17,48.0,30.0,Basic,2025-11-11,0
483,31.0,Female,Chandigarh,64975.46,84.0,96.0,Basic,2025-11-30,0
484,,Male,Delhi,77919.71,,7.0,Basic,2026-05-19,0
485,42.0,Male,Mumbai,57664.75,7.0,51.0,Basic,2026-06-29,1
486,30.0,,Ludhiana,61262.04,23.0,95.0,Standard,2026-09-12,1
487,35.0,Male,Mumbai,70281.13,50.0,100.0,Basic,2026-01-06,1
488,45.0,Male,  JAIPUR,42510.86,19.0,61.0,Standard,2026-06-03,1
489,57.0,Male,,73314.47,97.0,27.0,Standard,2025-11-09,0
490,,Female,Chandigarh,74748.18,76.0,41.0,Premium,2025-11-17,0
491,,Female,Ludhiana,106865.27,35.0,27.0,Basic,2026-08-15,0
492,63.0,Female,Pune,53230.12,,79.0,Basic,2025-10-31,0
493,,,Mumbai,51754.53,33.0,35.0,Basic,2026-08-10,0
494,49.0,Male,Chandigarh,73841.39,14.0,76.0,Basic,2026-04-05,0
495,33.0,Female,  JAIPUR,74743.88,93.0,79.0,Basic,2026-04-11,1
496,39.0,Male,,50368.43,96.0,112.0,Standard,2025-10-16,0
497,24.0,Female,Ludhiana,52743.07,31.0,45.0,Basic,2026-02-03,1
498,37.0,Male,Mumbai,69740.36,59.0,115.0,Basic,2025-11-15,1
499,66.0,Other,Ludhiana,45103.48,18.0,48.0,Basic,2026-02-25,1
500,40.0,Male,Mumbai,52610.39,64.0,82.0,Standard,,0
501,23.0,Male,Ludhiana,61612.67,69.0,79.0,Premium,2025-11-23,1
502,51.0,Male,  PUNE,77926.9,71.0,98.0,Standard,2025-11-21,1
503,68.0,Male,Delhi,49117.22,57.0,56.0,Standard,2026-05-03,1
504,63.0,Male,Delhi,26837.08,70.0,95.0,Standard,2026-05-14,0
505,32.0,,  LUDHIANA,25501.25,55.0,43.0,Standard,2025-10-06,0
506,41.0,Male,Jaipur,37330.56,82.0,59.0,Basic,2025-12-28,1
507,45.0,Female,Jaipur,36362.98,18.0,60.0,Standard,2025-10-31,0
508,30.0,Male,Chandigarh,57217.01,48.0,84.0,Standard,2026-03-04,0
509,31.0,Female,Ludhiana,38600.16,42.0,74.0,Basic,2025-10-26,0
510,,Male,  MUMBAI,47350.41,53.0,10.0,Standard,,0
511,69.0,Female,,46066.45,15.0,97.0,,2026-01-02,0
512,56.0,Female,Pune,52070.86,33.0,91.0,Standard,2026-07-28,1
513,61.0,Male,Ludhiana,83805.08,95.0,13.0,Basic,2026-03-08,1
514,60.0,Female,Ludhiana,71915.06,11.0,115.0,Standard,2026-01-07,1
515,67.0,Male,Delhi,60290.33,63.0,79.0,Premium,2025-12-27,0
516,23.0,Male,Jaipur,51701.53,66.0,11.0,Basic,2025-10-16,0
517,63.0,Female,  DELHI,52201.81,47.0,59.0,Basic,2026-06-03,0
518,21.0,Female,Jaipur,65899.44,4.0,100.0,Basic,2026-06-12,0
519,42.0,Male,Chandigarh,70515.04,4.0,34.0,Basic,2025-10-12,0
520,48.0,Male,Jaipur,43662.88,28.0,112.0,,2025-10-06,1
521,36.0,Female,  CHANDIGARH,60656.65,,50.0,Basic,2026-07-27,1
522,25.0,Female,Delhi,23430.85,10.0,27.0,,2026-05-15,0
523,27.0,Other,  CHANDIGARH,,16.0,43.0,Basic,2025-10-19,0
524,150.0,Female,Delhi,73718.69,19.0,63.0,Premium,2026-07-20,0
525,34.0,Female,  DELHI,,84.0,82.0,Basic,2025-12-19,0
526,34.0,Male,  DELHI,92697.49,64.0,111.0,Standard,2026-08-21,0
527,66.0,Female,Ludhiana,44137.71,4.0,24.0,Basic,2026-07-27,0
528,25.0,Male,Ludhiana,63913.93,63.0,115.0,Basic,2025-12-18,0
529,65.0,Female,Delhi,59355.15,14.0,63.0,Standard,2026-02-21,0
530,65.0,,Ludhiana,58194.64,42.0,16.0,Basic,2026-03-12,1
531,49.0,Female,Mumbai,57942.2,4.0,111.0,Standard,2025-11-22,0
532,26.0,,  LUDHIANA,61927.89,9.0,42.0,Basic,2026-06-10,0
533,26.0,Female,Ludhiana,75263.26,14.0,74.0,Standard,2026-03-31,0
534,32.0,Female,Jaipur,84799.25,43.0,84.0,Standard,2026-02-20,0
535,48.0,Male,Ludhiana,59959.5,46.0,2.0,Standard,2026-01-03,0
536,25.0,,Ludhiana,74675.69,35.0,27.0,Basic,2026-06-01,1
537,41.0,Male,Ludhiana,47368.19,62.0,1200.0,Standard,2026-02-11,1
538,24.0,Male,Ludhiana,73787.2,,39.0,Premium,2026-04-20,0
539,46.0,Male,Pune,46284.15,73.0,2.0,Basic,2026-03-17,0
540,19.0,Male,,79631.88,58.0,3.0,Basic,2025-11-20,0
541,54.0,Male,Chandigarh,99791.54,,99.0,Premium,,0
542,20.0,Female,Pune,57802.49,49.0,19.0,Basic,2026-01-30,0
543,28.0,Female,Ludhiana,20534.22,24.0,12.0,Standard,2025-10-22,1
544,27.0,Female,Chandigarh,50134.69,49.0,67.0,Standard,2025-12-26,0
545,61.0,Male,Ludhiana,82173.75,,15.0,Basic,2025-10-05,0
546,20.0,Male,Pune,69955.38,,78.0,Standard,2026-03-02,0
547,40.0,Male,Mumbai,64480.44,37.0,65.0,Standard,2026-06-20,0
548,48.0,Female,Jaipur,78156.03,75.0,78.0,Basic,2025-10-04,1
549,44.0,Female,Delhi,68720.16,95.0,59.0,Premium,,0
550,53.0,Male,Pune,81919.05,50.0,93.0,Basic,2026-07-04,0
551,59.0,Female,Mumbai,76549.63,86.0,77.0,Basic,2026-06-07,0
552,38.0,Male,  PUNE,87390.61,48.0,50.0,Premium,2026-06-27,1
553,61.0,Male,Jaipur,66458.33,14.0,2.0,,2025-11-30,0
554,34.0,Male,  CHANDIGARH,,3.0,33.0,Premium,2026-08-28,0
555,69.0,Male,Mumbai,54471.71,14.0,16.0,Basic,2026-01-03,0
556,,Female,Mumbai,49173.71,94.0,2.0,Basic,2026-03-12,0
557,56.0,Female,Chandigarh,90721.82,48.0,33.0,Basic,2026-09-04,1
558,63.0,Male,  MUMBAI,63891.68,32.0,25.0,Standard,2026-02-19,0
559,59.0,Female,Delhi,74487.85,45.0,10.0,Standard,2025-12-30,0
560,62.0,,Mumbai,62227.32,26.0,38.0,,2026-01-09,0
561,45.0,Female,Ludhiana,49442.72,,61.0,Premium,2026-03-22,0
562,20.0,Female,Delhi,60197.69,99.0,22.0,Standard,2026-05-31,0
563,-5.0,Male,Mumbai,85847.89,9.0,33.0,Standard,2026-08-02,1
564,27.0,Female,,69994.32,72.0,3.0,Standard,2026-09-26,0
565,64.0,Male,Chandigarh,29193.48,34.0,6.0,Premium,2026-05-22,0
566,30.0,Other,Delhi,56125.6,5.0,19.0,,2026-02-12,0
567,29.0,Male,Mumbai,92081.29,92.0,54.0,,2026-09-17,0
568,30.0,,Ludhiana,56151.66,7.0,80.0,Basic,2025-10-01,0
569,51.0,Male,Chandigarh,27591.38,21.0,94.0,Basic,2026-03-01,0
570,47.0,Male,Delhi,94074.88,3.0,75.0,,2026-06-15,0
571,,Female,Chandigarh,498379.03045947035,47.0,74.0,Basic,2025-10-14,0
572,39.0,Female,  JAIPUR,58739.77,60.0,112.0,Basic,2026-07-25,1
573,32.0,Male,Chandigarh,53314.48,32.0,31.0,Premium,2025-10-16,0
574,20.0,Female,Delhi,79482.33,8.0,95.0,Basic,,0
575,18.0,Female,  JAIPUR,50244.3,12.0,112.0,Basic,2026-05-15,0
576,37.0,Male,Chandigarh,80668.62,93.0,68.0,Basic,2026-04-28,0
577,66.0,Female,Pune,69759.52,80.0,101.0,Basic,,0
578,45.0,Female,Jaipur,64404.27,93.0,17.0,Standard,2026-07-01,0
579,64.0,Female,,62619.27,53.0,105.0,Premium,,0
580,23.0,Male,  LUDHIANA,56850.58,55.0,68.0,Premium,2026-05-27,1
581,22.0,Male,Jaipur,78821.52,,27.0,,2026-06-18,1
582,61.0,Female,  CHANDIGARH,,62.0,8.0,Standard,2026-02-10,0
583,23.0,Female,Delhi,30805.35,44.0,86.0,Basic,2026-01-20,1
584,20.0,Female,Delhi,71059.92,29.0,52.0,Premium,2026-05-28,1
585,39.0,Other,Chandigarh,71362.29,49.0,37.0,Basic,2026-08-13,0
586,66.0,Female,Delhi,68644.34,7.0,47.0,Basic,2026-05-09,0
587,53.0,Female,Mumbai,,20.0,118.0,Premium,2026-03-17,0
588,23.0,Female,Chandigarh,54230.27,74.0,51.0,Premium,2026-09-16,0
589,61.0,Female,,74174.69,86.0,10.0,Basic,2026-09-02,0
590,61.0,Male,Jaipur,59179.95,11.0,34.0,Standard,2025-10-30,0
591,59.0,Male,Ludhiana,51231.96,10.0,18.0,Basic,,1
592,64.0,Female,Delhi,54385.96,9.0,82.0,Basic,2026-05-05,0
593,30.0,Male,Jaipur,96371.51,79.0,96.0,Basic,2025-12-26,1
594,68.0,Male,Pune,,31.0,101.0,Basic,2026-06-03,0
595,34.0,Female,Delhi,68996.19,33.0,76.0,Standard,2026-04-03,0
596,59.0,,Delhi,29776.01,2.0,92.0,Basic,2026-08-30,1
597,48.0,Male,Mumbai,58051.8,97.0,50.0,Standard,2025-12-15,0
598,58.0,Female,Pune,52194.71,43.0,75.0,Basic,2026-02-11,0
599,50.0,Female,Delhi,22469.49,79.0,13.0,Premium,2025-11-24,0
600,51.0,Male,Pune,67002.68,71.0,65.0,Standard,2025-11-19,0
601,50.0,Male,Mumbai,53159.31,15.0,67.0,Premium,2026-05-25,0
602,58.0,Male,Pune,22214.29,80.0,4.0,Basic,2026-09-15,0
603,56.0,Female,Ludhiana,75112.23,55.0,66.0,Standard,2026-05-27,0
604,24.0,Female,Pune,85830.11,60.0,87.0,Premium,2026-08-08,0
605,60.0,Male,Jaipur,86822.24,20.0,44.0,Basic,2026-03-20,0
606,45.0,Female,Ludhiana,66461.22,84.0,65.0,Basic,2026-08-08,0
607,34.0,Male,Delhi,,93.0,35.0,Basic,2025-10-29,0
608,44.0,Male,Chandigarh,83906.82,41.0,33.0,Basic,2026-02-23,0
609,68.0,Other,Pune,90282.9,,16.0,Basic,2026-06-30,0
610,62.0,Male,Chandigarh,80404.24,,40.0,Basic,2025-10-29,0
611,61.0,Male,Pune,43052.32,88.0,96.0,Basic,2025-12-24,0
612,42.0,Male,Chandigarh,63624.21,51.0,112.0,Standard,,0
613,58.0,Female,Pune,67911.29,58.0,76.0,Basic,2026-08-08,0
614,38.0,Female,Ludhiana,27426.89,23.0,75.0,Basic,2026-05-28,1
615,53.0,Other,Chandigarh,68448.49,7.0,74.0,Standard,2026-03-01,0
616,51.0,Male,Mumbai,100913.85,94.0,57.0,Basic,2025-12-25,0
617,30.0,Male,Ludhiana,71518.85,48.0,51.0,Basic,2026-06-27,0
618,31.0,Female,Mumbai,86521.44,28.0,74.0,Basic,2026-01-02,0
619,21.0,Male,Mumbai,63292.47,69.0,94.0,Basic,2026-06-19,0
620,25.0,Female,,58682.07,,50.0,Basic,2026-07-02,0
621,40.0,Female,Jaipur,66862.89,8.0,68.0,Basic,2026-04-20,0
622,42.0,Male,Delhi,45315.12,25.0,56.0,Basic,2026-08-03,0
623,26.0,Female,Delhi,42652.05,45.0,34.0,Premium,2026-05-06,0
624,39.0,Male,Mumbai,82793.48,37.0,35.0,Premium,2026-05-23,1
625,49.0,Male,,84702.16,19.0,10.0,Basic,2026-06-20,0
626,30.0,Female,Chandigarh,42160.09,35.0,53.0,Basic,2025-12-21,1
627,35.0,Female,Chandigarh,77423.98,34.0,85.0,Basic,2026-06-01,0
628,37.0,Female,Delhi,58434.72,52.0,82.0,Premium,2026-01-20,1
629,44.0,Female,Jaipur,66116.55,56.0,118.0,Premium,2026-01-11,0
630,37.0,Other,Chandigarh,68283.94,88.0,5.0,Basic,,0
631,56.0,Other,Mumbai,77898.31,80.0,91.0,Basic,2026-06-24,0
632,35.0,Female,Pune,61488.93,,95.0,Basic,2025-12-02,0
633,40.0,Male,Ludhiana,85382.92,90.0,52.0,Premium,2026-07-06,0
634,37.0,Female,Chandigarh,65569.43,52.0,34.0,Premium,,0
635,27.0,Other,Jaipur,71235.32,19.0,43.0,Basic,2025-11-15,0
636,53.0,Male,Mumbai,45001.27,34.0,82.0,Standard,2026-05-30,0
637,30.0,Male,Pune,98855.86,,103.0,Basic,2026-01-19,1
638,33.0,Male,,68456.85,82.0,77.0,Standard,2026-09-15,0
639,59.0,,Ludhiana,,38.0,62.0,Premium,2026-02-18,0
640,67.0,Female,Pune,31052.66,16.0,78.0,Basic,,0
641,52.0,Male,Chandigarh,45191.36,19.0,9.0,Basic,2026-01-15,0
642,65.0,Female,Jaipur,82281.91,11.0,73.0,Standard,2026-03-02,1
643,62.0,Female,Jaipur,65164.04,70.0,6.0,,2025-11-25,0
644,43.0,Female,Mumbai,25551.96,50.0,115.0,Premium,2026-06-14,0
645,58.0,Male,Jaipur,78689.22,45.0,106.0,Basic,2026-05-16,0
646,35.0,Male,Pune,50211.91,67.0,61.0,Premium,2026-09-05,0
647,41.0,Female,Pune,85403.71,83.0,45.0,Basic,2026-01-19,0
648,45.0,Female,Pune,58418.96,79.0,88.0,Basic,2026-01-09,1
649,67.0,Female,Jaipur,63684.72,14.0,76.0,Basic,2025-12-30,0
650,62.0,Female,Chandigarh,81221.18,59.0,84.0,Basic,2025-12-31,0
651,43.0,Male,Ludhiana,43845.13,,62.0,Basic,2026-08-15,0
652,51.0,Female,,42128.76,77.0,29.0,Standard,2026-01-30,0
653,28.0,Male,Mumbai,56463.03,33.0,9.0,Basic,2025-12-26,1
654,59.0,Male,Pune,74889.11,39.0,34.0,Basic,2026-07-18,0
655,46.0,Female,Chandigarh,36044.21,89.0,63.0,Basic,2026-04-10,0
656,45.0,Male,Mumbai,29975.38,4.0,51.0,Basic,2025-11-01,0
657,57.0,Male,Pune,74826.98,53.0,61.0,Premium,2026-05-02,0
658,,,Jaipur,49146.39,12.0,34.0,Premium,2025-12-30,0
659,21.0,Male,Mumbai,52939.93,89.0,112.0,Basic,2026-03-21,0
660,32.0,Female,Mumbai,26577.41,4.0,44.0,Standard,2026-02-02,1
661,27.0,Male,Pune,47778.37,3.0,101.0,Standard,2026-02-14,0
662,56.0,Female,Mumbai,793018.1588229218,33.0,47.0,Premium,2026-02-05,0
663,19.0,Female,Jaipur,76746.8,20.0,53.0,Basic,2025-12-20,0
664,28.0,Male,Jaipur,46117.86,50.0,72.0,Basic,2025-11-04,0
665,49.0,Male,Pune,89832.77,30.0,32.0,Basic,2026-06-15,0
666,54.0,Female,,47677.99,36.0,27.0,Premium,2025-10-27,0
667,44.0,Female,Pune,47704.35,56.0,46.0,Standard,2026-02-13,0
668,62.0,Female,Delhi,87672.44,56.0,96.0,,2026-02-25,1
669,65.0,Female,Mumbai,63806.28,93.0,18.0,Basic,2026-06-03,0
670,24.0,Male,Delhi,50063.55,48.0,53.0,Standard,2026-05-01,0
671,67.0,Male,Ludhiana,57207.6,56.0,80.0,Premium,2026-02-05,0
672,49.0,Female,Ludhiana,84355.32,68.0,85.0,Basic,2026-05-21,0
673,51.0,Male,Pune,86391.65,18.0,52.0,Standard,2026-06-18,0
674,22.0,Female,Ludhiana,45297.72,67.0,10.0,Basic,2025-12-06,1
675,50.0,Female,Pune,59236.19,86.0,2.0,Basic,2026-05-02,0
676,55.0,Female,Mumbai,61622.82,,56.0,Standard,2026-02-07,0
677,48.0,Male,Mumbai,42247.68,18.0,97.0,Standard,2026-09-19,1
678,,Male,Chandigarh,58997.67,35.0,4.0,,2026-09-02,0
679,45.0,Male,,60095.81,28.0,106.0,Basic,2025-11-25,0
680,66.0,Male,Chandigarh,80523.77,,81.0,Basic,2026-08-10,0
681,55.0,Female,Chandigarh,81733.65,86.0,1.0,,2025-12-14,0
682,25.0,Male,Ludhiana,54074.23,60.0,41.0,Basic,2025-11-06,0
683,67.0,Male,Delhi,56148.84,13.0,27.0,Basic,,0
684,67.0,Male,Pune,71957.26,32.0,113.0,Basic,2025-11-12,0
685,26.0,Male,,49466.61,,67.0,Basic,2026-04-28,0
686,59.0,Female,Ludhiana,70595.52,33.0,39.0,Basic,2025-10-18,0
687,39.0,Male,Ludhiana,58417.68,,34.0,Basic,2026-07-06,1
688,48.0,Other,,42550.83,69.0,68.0,Standard,2026-04-27,0
689,41.0,Male,Jaipur,42776.94,33.0,1.0,,2026-05-12,0
690,58.0,Female,Delhi,86047.06,65.0,31.0,Standard,2025-12-18,0
691,69.0,Male,Mumbai,,40.0,20.0,Premium,2026-09-15,0
692,59.0,Male,Pune,89526.37,14.0,74.0,Standard,2025-12-02,0
693,66.0,Female,Delhi,50754.55,37.0,80.0,Basic,2026-09-22,0
694,67.0,Other,Delhi,65241.69,44.0,56.0,Basic,2026-06-07,0
695,22.0,Female,Mumbai,103068.18,1.0,17.0,Standard,2026-02-25,0
696,31.0,,Pune,40967.04,89.0,45.0,Standard,2026-08-08,0
697,55.0,Male,Delhi,25839.34,53.0,101.0,Basic,,0
698,48.0,,Mumbai,83158.62,4.0,25.0,Basic,2025-10-02,0
699,20.0,Male,  DELHI,45117.44,86.0,20.0,Standard,2025-12-04,0
700,22.0,Female,Chandigarh,59627.29,85.0,14.0,Basic,2026-09-19,0
701,45.0,Female,Ludhiana,49453.47,2.0,98.0,Standard,2026-02-27,0
702,50.0,Female,Delhi,64826.93,17.0,15.0,Basic,2026-02-24,0
703,26.0,Female,Delhi,42890.35,37.0,70.0,Basic,2026-09-06,0
704,26.0,Female,Jaipur,56761.08,51.0,119.0,Premium,2026-02-05,0
705,,Male,Jaipur,68096.68,72.0,77.0,Basic,2026-03-24,0
706,47.0,,Pune,41850.44,43.0,50.0,Standard,,0
707,18.0,Female,  LUDHIANA,47398.49,61.0,25.0,Basic,2026-06-14,0
708,47.0,Female,  CHANDIGARH,53747.11,2.0,1.0,Basic,2026-06-29,1
709,42.0,Male,Mumbai,34281.32,66.0,19.0,Premium,2026-01-05,0
710,42.0,Male,  JAIPUR,52393.9,91.0,114.0,Basic,2026-01-10,1
711,53.0,Female,Mumbai,62138.34,53.0,18.0,Basic,2026-08-02,0
712,45.0,Female,  JAIPUR,52808.12,46.0,3.0,Premium,,0
713,55.0,Female,Chandigarh,55115.22,30.0,98.0,Standard,2026-02-28,0
714,57.0,,Delhi,59641.77,95.0,50.0,Standard,,0
715,65.0,Male,Chandigarh,48196.62,4.0,43.0,Basic,2026-07-19,0
716,59.0,Female,Delhi,72439.13,29.0,86.0,Basic,2026-07-13,1
717,44.0,Male,  MUMBAI,85847.61,14.0,63.0,Standard,2025-12-10,0
718,,Female,Delhi,51641.15,86.0,109.0,Basic,2026-01-19,0
719,30.0,Female,Chandigarh,,48.0,56.0,Basic,2025-11-05,0
720,49.0,Male,Delhi,55686.89,92.0,85.0,Standard,2025-12-19,0
721,25.0,,Pune,66578.77,66.0,105.0,Basic,,1
722,66.0,Male,Pune,88184.03,56.0,56.0,Basic,,0
723,61.0,Female,Chandigarh,69155.87,,34.0,Basic,2026-06-23,0
724,24.0,Female,  JAIPUR,28078.54,21.0,116.0,Basic,2026-07-06,1
725,58.0,Male,Ludhiana,68171.92,56.0,27.0,Standard,2026-09-10,1
726,,Female,Jaipur,82191.55,68.0,5.0,Premium,2025-12-20,0
727,55.0,Male,Ludhiana,56011.27,96.0,69.0,Basic,2026-02-01,0
728,22.0,Male,Pune,77921.43,55.0,118.0,Basic,2026-08-30,1
729,43.0,Female,Mumbai,47577.92,93.0,11.0,Standard,2026-07-20,0
730,52.0,Male,  PUNE,33260.3,94.0,102.0,Basic,2026-07-23,0
731,55.0,Male,Chandigarh,62541.04,52.0,99.0,Basic,2026-05-06,0
732,39.0,Female,Jaipur,28383.42,44.0,111.0,Premium,2026-04-17,1
733,65.0,Male,Mumbai,,15.0,51.0,Standard,,1
734,58.0,Female,Jaipur,83163.16,27.0,31.0,Basic,2025-10-26,0
735,28.0,Male,Delhi,25624.27,88.0,61.0,Premium,2026-07-15,0
736,52.0,Male,Delhi,36969.06,14.0,17.0,Basic,2026-03-09,0
737,55.0,Male,  MUMBAI,41423.42,40.0,101.0,Premium,2026-04-24,0
738,35.0,,Pune,58860.24,70.0,79.0,Standard,2026-05-12,1
739,56.0,Male,,53417.1,24.0,58.0,Standard,2025-12-03,0
740,64.0,Male,Chandigarh,85184.45,97.0,62.0,Premium,2025-10-08,0
741,,Female,Delhi,77178.27,65.0,85.0,Standard,2026-09-28,0
742,57.0,Male,Delhi,68914.91,3.0,63.0,Basic,2026-04-14,0
743,50.0,Male,Jaipur,62621.35,25.0,100.0,Basic,2026-08-18,1
744,32.0,Male,,67078.14,74.0,111.0,,2026-04-25,0
745,59.0,Male,  DELHI,44484.32,86.0,114.0,Standard,2026-02-17,1
746,36.0,Male,Jaipur,75429.79,92.0,74.0,Basic,2026-05-03,0
747,45.0,Female,Mumbai,39983.2,85.0,89.0,Standard,2026-06-10,0
748,34.0,Male,Jaipur,75036.79,8.0,38.0,Standard,2026-06-09,0
749,34.0,,Jaipur,81350.57,,5.0,Basic,2026-06-13,0
750,26.0,Female,Jaipur,63795.56,11.0,48.0,Basic,2026-06-04,0
751,67.0,Male,Pune,56828.16,8.0,104.0,Basic,2026-05-17,0
752,25.0,Male,Chandigarh,,69.0,16.0,Basic,2026-01-22,0
753,22.0,Male,  JAIPUR,8492.67,48.0,65.0,Basic,2026-08-26,0
754,66.0,Female,Delhi,65440.65,,23.0,Basic,2026-09-16,0
755,46.0,Male,Ludhiana,57959.63,,52.0,Basic,2026-03-26,0
756,40.0,Female,Delhi,59088.69,7.0,18.0,Basic,2026-01-25,0
757,56.0,Female,,72717.59,53.0,88.0,Standard,2026-06-28,0
758,37.0,Female,Pune,58654.16,,97.0,Basic,2026-07-19,1
759,24.0,Female,Ludhiana,39476.28,44.0,91.0,Premium,2026-02-14,0
760,55.0,Other,Pune,57454.75,52.0,84.0,Premium,2026-05-13,0
761,27.0,Male,Delhi,61216.0,50.0,28.0,Standard,2026-01-05,0
762,46.0,Male,Pune,62068.81,90.0,64.0,Premium,2026-08-08,1
763,67.0,Male,Pune,62914.55,,13.0,Premium,2026-08-17,0
764,66.0,Female,Pune,78708.64,87.0,45.0,Basic,2026-03-13,0
765,36.0,Female,Mumbai,40451.38,81.0,61.0,Standard,2026-05-10,1
766,58.0,,Mumbai,63162.61,81.0,80.0,Basic,2026-01-07,0
767,49.0,Male,Chandigarh,83218.73,41.0,12.0,Standard,2026-03-30,1
768,42.0,Other,Chandigarh,28776.99,52.0,97.0,Basic,,0
769,25.0,Female,Chandigarh,,37.0,55.0,,2026-08-03,1
770,37.0,Female,Mumbai,,25.0,105.0,Basic,2026-08-02,1
771,51.0,Other,Mumbai,53327.21,87.0,63.0,Premium,2025-12-29,1
772,69.0,Male,Delhi,43713.46,51.0,66.0,Basic,2026-07-10,0
773,18.0,Male,Pune,56948.09,72.0,83.0,Basic,,1
774,55.0,Female,,,10.0,98.0,Basic,2025-12-06,1
775,62.0,Male,Mumbai,37240.25,79.0,19.0,Basic,2025-11-07,0
776,67.0,Male,Delhi,38947.02,66.0,61.0,Premium,2026-06-25,0
777,40.0,Male,Pune,36565.18,99.0,4.0,Standard,2026-08-21,1
778,24.0,Male,Jaipur,91093.53,14.0,57.0,Basic,2025-12-22,0
779,32.0,Female,Jaipur,51677.89,54.0,97.0,Basic,2026-01-23,0
780,62.0,Female,Mumbai,59538.5,51.0,103.0,Basic,2026-06-02,0
781,63.0,Male,Ludhiana,52749.91,54.0,34.0,Basic,2026-02-26,0
782,51.0,Male,Delhi,43000.39,6.0,46.0,Premium,2026-07-24,0
783,24.0,Male,Ludhiana,55767.29,47.0,66.0,Standard,,0
784,24.0,Female,Chandigarh,104248.38,30.0,48.0,Basic,2026-01-08,0
785,42.0,Female,Jaipur,85057.28,,22.0,Standard,2026-06-13,1
786,48.0,Female,,44647.12,23.0,37.0,Basic,2026-04-12,0
787,19.0,Male,Delhi,71656.33,44.0,49.0,Standard,2026-06-01,0
788,53.0,Male,  LUDHIANA,45032.59,62.0,62.0,Standard,2026-09-19,0
789,46.0,Male,Jaipur,28025.38,7.0,110.0,Standard,,1
790,18.0,Female,Delhi,78351.2,78.0,65.0,Standard,2025-10-15,1
791,22.0,Male,Ludhiana,80881.67,71.0,47.0,Premium,2026-04-17,0
792,41.0,Female,Delhi,78828.94,6.0,79.0,Basic,2026-08-08,0
793,55.0,Female,Delhi,51542.43,7.0,92.0,Basic,2026-09-14,0
794,60.0,Male,  PUNE,56998.04,85.0,52.0,Basic,2026-05-25,0
795,40.0,Male,Jaipur,73495.78,29.0,59.0,Standard,2025-10-07,0
796,33.0,Male,Delhi,67046.93,86.0,26.0,Standard,2026-05-13,0
797,68.0,Male,Chandigarh,52914.53,50.0,103.0,Standard,2025-10-01,0
798,41.0,Male,Ludhiana,30856.71,34.0,104.0,,2026-04-05,0
799,34.0,Female,Ludhiana,62049.75,28.0,21.0,Basic,2025-12-26,0
800,41.0,Male,Ludhiana,79422.17,66.0,42.0,Standard,2025-12-18,1
801,18.0,,Jaipur,38443.41,11.0,33.0,Standard,2026-09-20,0
802,33.0,Female,Pune,71497.67,40.0,110.0,Basic,2026-09-28,0
803,44.0,,,65967.75,35.0,8.0,Basic,2025-10-29,0
804,65.0,Male,Ludhiana,73502.67,16.0,25.0,Basic,2025-10-25,1
805,56.0,Female,Ludhiana,75695.56,35.0,38.0,Basic,2026-08-13,0
806,58.0,Female,Jaipur,47499.63,53.0,67.0,Standard,2026-02-07,0
807,46.0,Female,Ludhiana,30894.73,68.0,30.0,Premium,2025-10-28,0
808,23.0,Female,Ludhiana,50396.65,9.0,64.0,Standard,2025-10-19,0
809,38.0,Male,Pune,76004.29,,89.0,Basic,2026-06-14,1
810,69.0,Female,,50243.93,87.0,99.0,Standard,2025-12-06,0
811,20.0,Male,  DELHI,47507.22,69.0,12.0,Standard,2026-02-07,0
812,63.0,Female,Mumbai,27215.69,92.0,17.0,,2025-10-27,0
813,53.0,Female,Chandigarh,91547.66,43.0,12.0,Premium,2026-08-08,0
814,32.0,Male,  MUMBAI,74862.85,82.0,109.0,Basic,2026-02-23,0
815,58.0,,Mumbai,73858.13,72.0,78.0,Basic,2026-09-22,0
816,61.0,Female,,77419.06,56.0,64.0,Basic,2026-05-23,0
817,20.0,Female,Mumbai,70380.75,18.0,95.0,Basic,2026-09-26,0
818,23.0,Male,Chandigarh,55602.08,56.0,70.0,Premium,2026-04-22,1
819,52.0,Female,,57052.25,90.0,29.0,Basic,2025-12-08,1
820,69.0,,Jaipur,52303.84,98.0,61.0,Basic,2026-02-02,1
821,19.0,Female,Ludhiana,107425.33,45.0,84.0,Basic,2026-06-07,0
822,52.0,Male,Ludhiana,70006.42,25.0,5.0,Basic,2026-04-28,0
823,25.0,Male,Pune,51651.59,75.0,73.0,Basic,2026-05-19,0
824,51.0,Female,Delhi,,8.0,60.0,Basic,2026-01-06,1
825,50.0,Male,  PUNE,41804.36,15.0,9.0,Standard,2026-06-25,0
826,22.0,Female,  JAIPUR,87081.12,56.0,32.0,Basic,2026-08-28,0
827,53.0,Male,Mumbai,48100.76,99.0,54.0,Standard,2026-03-30,0
828,64.0,Female,Pune,69019.54,33.0,41.0,Basic,2025-12-02,1
829,62.0,Male,Chandigarh,79187.6,44.0,35.0,Standard,2026-04-09,1
830,19.0,Male,Ludhiana,66925.83,32.0,78.0,Premium,2026-07-18,1
831,30.0,Female,Jaipur,61700.46,,49.0,Basic,2026-09-14,0
832,30.0,Female,Delhi,60194.44,1.0,60.0,Basic,2025-10-21,0
833,41.0,Female,Chandigarh,58984.06,59.0,95.0,Premium,2025-12-27,0
834,25.0,Other,Pune,49619.43,60.0,12.0,Basic,2026-08-05,0
835,62.0,Other,Ludhiana,51909.3,32.0,43.0,Standard,2026-09-04,1
836,,Female,Chandigarh,86632.63,27.0,9.0,Basic,2026-08-14,0
837,60.0,Male,Delhi,58046.34,76.0,111.0,Basic,2026-05-16,0
838,28.0,Female,Pune,45855.67,19.0,23.0,Standard,2025-12-08,0
839,18.0,Female,,50706.64,5.0,98.0,Premium,2026-08-03,0
840,65.0,Male,Jaipur,79806.67,5.0,23.0,Basic,2025-12-06,0
841,33.0,Male,Jaipur,72160.92,88.0,39.0,Standard,2026-09-30,0
842,52.0,Female,Mumbai,70085.93,37.0,73.0,Standard,2026-01-04,1
843,65.0,Female,Pune,55364.62,11.0,99.0,Basic,2026-06-19,0
844,19.0,Female,Delhi,70320.52,88.0,22.0,Basic,2025-10-15,0
845,18.0,Other,Jaipur,48415.9,15.0,26.0,Basic,2026-04-10,0
846,18.0,Female,Mumbai,55326.95,34.0,105.0,Basic,2026-06-24,0
847,26.0,Male,Chandigarh,77456.48,3.0,39.0,Standard,2026-07-04,0
848,20.0,,Mumbai,75737.0,68.0,25.0,Basic,2025-12-03,1
849,60.0,Male,  CHANDIGARH,42325.62,,89.0,Basic,2026-05-06,0
850,49.0,Male,Delhi,44600.52,75.0,11.0,Standard,2026-05-25,1
851,68.0,Female,Chandigarh,810355.8420558716,27.0,104.0,Standard,2026-01-05,0
852,59.0,Female,Ludhiana,91070.38,33.0,105.0,Standard,2026-03-18,0
853,68.0,Male,Ludhiana,25519.83,93.0,102.0,Standard,2026-01-31,0
854,30.0,Male,Mumbai,65009.99,82.0,36.0,Basic,2026-04-21,0
855,32.0,Female,,35231.22,4.0,14.0,Standard,,1
856,62.0,Male,  CHANDIGARH,48582.04,69.0,51.0,Basic,2026-09-28,0
857,30.0,Female,Mumbai,53440.29,81.0,40.0,Basic,2026-09-16,0
858,20.0,Male,Ludhiana,52430.85,56.0,115.0,Basic,2026-03-05,0
859,52.0,Female,Delhi,50391.67,64.0,76.0,Standard,2026-03-27,1
860,59.0,Male,,60129.73,1.0,113.0,Standard,2026-01-01,0
861,68.0,,Pune,50365.4,3.0,90.0,Basic,2025-11-08,1
862,,Male,Pune,33675.77,4.0,86.0,Premium,2026-07-29,0
863,24.0,Female,  DELHI,74037.65,16.0,14.0,Premium,2025-10-16,1
864,58.0,Male,Pune,73551.7,99.0,9.0,Basic,2025-10-25,0
865,61.0,Male,Pune,75177.14,63.0,6.0,Standard,2026-02-18,0
866,54.0,Female,Chandigarh,32266.78,78.0,71.0,Basic,2026-03-21,1
867,60.0,Male,Pune,65380.53,30.0,25.0,Premium,2026-07-28,0
868,61.0,Male,  CHANDIGARH,72167.62,93.0,118.0,Basic,2026-07-27,0
869,41.0,Male,Delhi,41438.36,20.0,16.0,Basic,2026-09-24,0
870,20.0,Male,Chandigarh,60165.12,90.0,113.0,Basic,2026-02-07,0
871,41.0,Male,Ludhiana,57907.2,4.0,80.0,Basic,2026-04-25,0
872,28.0,Female,Ludhiana,93158.71,,13.0,Standard,2026-07-22,0
873,,Male,Jaipur,94640.93,8.0,7.0,Basic,2026-08-13,1
874,24.0,Female,  MUMBAI,30041.58,79.0,48.0,Basic,2026-09-07,1
875,54.0,Other,,104890.69,26.0,41.0,Standard,2026-02-09,0
876,44.0,Male,Pune,43525.94,45.0,38.0,Premium,2026-01-23,0
877,46.0,Female,Chandigarh,77652.12,47.0,63.0,Standard,2026-02-12,1
878,56.0,Female,,77468.96,79.0,16.0,Basic,2026-08-21,0
879,46.0,Female,Delhi,42077.58,35.0,16.0,Basic,2026-09-15,0
880,50.0,,Ludhiana,68878.82,1.0,83.0,Basic,2026-08-23,0
881,22.0,Male,Jaipur,58064.39,39.0,118.0,Premium,2025-12-30,0
882,62.0,Male,Delhi,69977.94,29.0,33.0,Standard,2026-01-03,0
883,41.0,Female,Pune,64152.1,73.0,111.0,Standard,2026-06-15,0
884,26.0,Other,Mumbai,81534.11,75.0,42.0,Premium,2026-09-10,1
885,60.0,Female,Ludhiana,61357.19,10.0,40.0,,2026-06-06,0
886,56.0,Male,Mumbai,56978.27,79.0,11.0,Standard,2025-12-09,0
887,20.0,Female,Ludhiana,79729.16,7.0,51.0,Basic,2026-08-09,0
888,28.0,Male,Delhi,70447.13,62.0,60.0,Basic,2025-12-14,0
889,18.0,Female,  LUDHIANA,73172.64,39.0,79.0,Basic,2026-04-14,1
890,32.0,,  CHANDIGARH,48037.44,30.0,19.0,Basic,2026-08-10,0
891,23.0,Female,Pune,41185.27,48.0,23.0,Premium,2025-10-25,1
892,54.0,Female,,,31.0,52.0,Basic,,0
893,45.0,Male,Mumbai,48825.22,79.0,9.0,Premium,2026-01-28,0
894,68.0,Male,Delhi,74151.59,96.0,18.0,Standard,2026-08-26,0
895,56.0,Female,Pune,77567.71,81.0,75.0,Standard,2026-05-18,0
896,49.0,Male,Jaipur,57207.65,44.0,114.0,Premium,2026-02-12,1
897,44.0,Female,Pune,85756.54,50.0,69.0,Basic,2026-02-07,0
898,20.0,Female,Ludhiana,84632.45,45.0,18.0,Basic,2026-09-08,0
899,21.0,Female,Delhi,64381.18,79.0,118.0,Basic,2026-02-22,0
900,50.0,Male,Jaipur,45205.95,55.0,63.0,Basic,2025-10-21,0
901,18.0,Male,Pune,88356.78,47.0,86.0,Premium,2025-12-17,1
902,20.0,Male,Jaipur,58901.69,41.0,24.0,Basic,2026-07-17,0
903,29.0,Other,,62270.97,38.0,69.0,Basic,,0
904,,Male,  LUDHIANA,53887.11,55.0,10.0,Basic,2026-01-24,0
905,41.0,Male,Jaipur,43983.77,69.0,75.0,Basic,2026-09-10,0
906,54.0,Male,Chandigarh,33564.49,43.0,25.0,Standard,2026-08-15,0
907,,Other,Chandigarh,71391.63,80.0,109.0,Basic,2025-10-29,0
908,27.0,Male,Jaipur,45898.78,82.0,7.0,Standard,2026-07-16,0
909,37.0,Female,Delhi,115071.56,43.0,78.0,,2026-08-26,0
910,22.0,,Jaipur,40450.68,90.0,17.0,Standard,2026-04-19,0
911,58.0,Female,Delhi,37367.12,18.0,82.0,Basic,2026-03-23,1
912,27.0,Other,Jaipur,69182.5,93.0,59.0,Standard,2026-03-05,0
913,37.0,Female,  DELHI,87527.64,30.0,116.0,Basic,2026-02-02,0
914,68.0,Female,Pune,61162.61,56.0,78.0,Basic,2025-10-01,0
915,48.0,Male,,70300.36,29.0,45.0,Standard,2025-12-27,0
916,41.0,Female,Ludhiana,26816.15,44.0,11.0,Standard,2026-09-21,1
917,46.0,Female,Ludhiana,47804.79,34.0,71.0,Basic,2026-08-29,0
918,58.0,Female,Jaipur,40674.92,70.0,53.0,Premium,2026-09-30,0
919,,Female,Ludhiana,25889.17,9.0,7.0,Basic,2026-05-09,1
920,51.0,Other,Pune,62105.64,83.0,70.0,Standard,2026-05-26,1
921,63.0,Female,Jaipur,19629.1,90.0,25.0,Premium,2025-10-25,1
922,47.0,Female,Pune,36200.47,56.0,28.0,Standard,2026-05-20,0
923,41.0,Male,  MUMBAI,50330.51,55.0,2.0,Premium,2026-09-19,0
924,25.0,Male,Mumbai,45036.85,70.0,45.0,Standard,2025-11-12,0
925,30.0,Male,Pune,67135.35,20.0,26.0,Standard,2026-06-28,0
926,67.0,Male,Pune,65500.44,75.0,9.0,Standard,2025-11-01,0
927,46.0,Male,Pune,76088.38,22.0,900.0,Standard,2025-12-22,1
928,33.0,Male,Ludhiana,73542.91,,27.0,Basic,2025-11-13,0
929,39.0,Female,Pune,80534.63,31.0,16.0,Standard,2025-12-05,0
930,48.0,Male,Chandigarh,59965.47,74.0,56.0,Basic,2026-08-09,0
931,45.0,Female,Chandigarh,65462.4,79.0,8.0,Premium,2026-02-14,0
932,54.0,Female,Ludhiana,69207.25,21.0,118.0,Basic,2026-05-03,0
933,31.0,Male,Chandigarh,62549.82,62.0,57.0,Basic,2026-02-13,0
934,51.0,Male,Chandigarh,52850.5,50.0,119.0,Premium,2026-01-01,0
935,41.0,Male,Delhi,54016.03,30.0,105.0,Basic,2026-04-01,0
936,66.0,Other,Jaipur,45283.95,59.0,117.0,Basic,2026-06-08,0
937,26.0,Male,Pune,67589.1,99.0,65.0,Standard,2025-10-31,0
938,25.0,Female,Mumbai,58307.73,1.0,51.0,Basic,2026-01-31,0
939,42.0,Female,Chandigarh,48062.87,95.0,86.0,Basic,,0
940,44.0,Other,Pune,48079.59,85.0,10.0,Basic,2026-07-06,0
941,,Male,Pune,38212.82,53.0,100.0,Basic,2025-11-29,0
942,39.0,,,77619.14,,39.0,Basic,2026-06-04,0
943,65.0,Male,Jaipur,61415.12,37.0,1.0,Basic,2026-04-15,1
944,42.0,Male,Jaipur,44469.6,13.0,29.0,Basic,2025-11-20,0
945,24.0,Male,Ludhiana,74553.86,57.0,29.0,Basic,2026-05-24,0
946,24.0,Female,Chandigarh,49911.92,81.0,2.0,Basic,2026-07-01,1
947,68.0,Female,Ludhiana,34682.99,23.0,80.0,Standard,2025-10-31,1
948,,Female,Mumbai,,,12.0,Standard,2025-10-14,0
949,67.0,Female,Jaipur,50332.25,75.0,101.0,Basic,2026-06-09,0
950,32.0,Male,Delhi,,76.0,54.0,Basic,,1
951,22.0,Female,Mumbai,60741.24,34.0,86.0,,2026-07-09,0
952,33.0,Female,Delhi,80566.61,39.0,41.0,Standard,2026-09-22,0
953,,Female,Chandigarh,60360.67,42.0,16.0,Basic,2026-03-13,0
954,,Female,Mumbai,38415.89,85.0,22.0,Basic,2026-06-29,1
955,58.0,,Pune,69789.79,90.0,77.0,Basic,2025-11-25,0
956,49.0,Male,Jaipur,51270.18,41.0,86.0,Premium,,0
957,38.0,Male,Pune,93982.63,97.0,32.0,Premium,2026-02-11,0
958,51.0,Male,Chandigarh,59979.85,57.0,43.0,,2026-03-30,1
959,68.0,Female,Ludhiana,19769.36,39.0,113.0,,2026-02-19,0
960,39.0,Male,  DELHI,66432.57,1.0,102.0,Basic,2026-08-20,1
961,25.0,Female,  JAIPUR,95002.76,61.0,50.0,Basic,2026-04-13,0
962,39.0,Female,Jaipur,88366.57,64.0,29.0,Basic,2026-02-14,1
963,61.0,Male,  PUNE,92957.18,96.0,36.0,Basic,2026-05-29,1
964,29.0,Male,Mumbai,41644.32,72.0,65.0,Standard,2025-11-15,0
965,67.0,Female,Delhi,76418.74,3.0,68.0,Basic,2026-03-21,0
966,48.0,Female,Jaipur,47004.1,57.0,22.0,Premium,2026-05-21,0
967,49.0,Male,Chandigarh,64037.21,74.0,8.0,Basic,2026-09-19,1
968,34.0,Male,Delhi,37086.86,50.0,59.0,Basic,,0
969,65.0,,,48399.8,43.0,95.0,,2026-04-10,0
970,19.0,Male,Pune,47827.56,81.0,19.0,Standard,2026-05-07,1
971,33.0,Female,Mumbai,76174.0,61.0,49.0,Basic,2025-11-16,0
972,39.0,Male,Jaipur,74412.94,68.0,20.0,Standard,2025-12-18,1
973,42.0,Male,Ludhiana,64982.76,46.0,29.0,Basic,2026-08-03,0
974,42.0,Female,Delhi,35692.41,28.0,73.0,Basic,2026-02-27,0
975,25.0,Female,Ludhiana,54390.49,52.0,35.0,Basic,2026-04-18,0
976,29.0,Female,Chandigarh,,95.0,32.0,Basic,2026-08-25,0
977,22.0,Male,,75654.16,60.0,119.0,Standard,,0
978,47.0,Other,Jaipur,81207.33,71.0,21.0,Basic,2026-03-18,1
979,36.0,Female,Pune,79014.94,13.0,23.0,Standard,2026-08-30,0
980,47.0,Male,Ludhiana,46406.05,98.0,111.0,Standard,2026-04-13,0
981,48.0,,Mumbai,10688.4,25.0,66.0,Basic,2026-01-06,1
982,54.0,Male,Ludhiana,28194.69,97.0,6.0,Basic,2026-06-03,1
983,46.0,Female,Chandigarh,85589.29,45.0,51.0,Basic,2026-05-23,0
984,51.0,Male,Chandigarh,52777.41,91.0,68.0,Standard,2026-08-21,1
985,48.0,Female,Jaipur,46486.96,89.0,31.0,Standard,2026-07-18,0
986,51.0,Male,Mumbai,89567.89,75.0,66.0,Standard,2025-10-07,0
987,50.0,,Delhi,,91.0,78.0,Basic,2026-02-16,0
988,34.0,Male,Ludhiana,60440.08,61.0,30.0,Basic,2026-07-28,1
989,30.0,Female,Mumbai,54718.74,85.0,97.0,Standard,2026-04-07,0
990,58.0,Male,Mumbai,57622.18,18.0,54.0,Basic,2026-07-22,0
991,35.0,Male,Chandigarh,64088.93,7.0,115.0,Standard,2026-04-22,1
992,46.0,Female,Chandigarh,88800.85,54.0,11.0,Basic,2026-08-08,0
993,28.0,,Ludhiana,67604.41,81.0,39.0,Basic,2026-02-17,0
994,40.0,Female,Delhi,,76.0,86.0,Standard,2026-03-06,0
995,45.0,Male,Pune,81046.86,53.0,107.0,Basic,2026-02-11,0
996,,Female,Mumbai,38945.83,52.0,27.0,Standard,2026-04-22,0
997,45.0,Female,Ludhiana,73587.51,61.0,117.0,Basic,2026-06-18,0
998,36.0,Female,  JAIPUR,54697.76,86.0,24.0,,2026-07-01,1
999,68.0,Male,Chandigarh,14710.29,84.0,50.0,Premium,,0
1000,44.0,Female,Pune,21692.95,11.0,38.0,Premium,2026-04-27,0
522,25.0,Female,Delhi,23430.85,10.0,27.0,,2026-05-15,0
738,35.0,,Pune,58860.24,70.0,79.0,Standard,2026-05-12,1
741,,Female,Delhi,77178.27,65.0,85.0,Standard,2026-09-28,0
661,27.0,Male,Pune,47778.37,3.0,101.0,Standard,2026-02-14,0
412,29.0,,Jaipur,80149.15,65.0,85.0,Standard,,0
679,45.0,Male,,60095.81,28.0,106.0,Basic,2025-11-25,0
627,35.0,Female,Chandigarh,77423.98,34.0,85.0,Basic,2026-06-01,0
514,60.0,Female,Ludhiana,71915.06,11.0,115.0,Standard,2026-01-07,1
860,59.0,Male,,60129.73,1.0,113.0,Standard,2026-01-01,0
137,,Female,Pune,,17.0,8.0,Basic,2026-09-24,0
812,63.0,Female,Mumbai,27215.69,92.0,17.0,,2025-10-27,0
77,35.0,,Ludhiana,51117.57,80.0,72.0,Premium,2026-01-09,0
637,30.0,Male,Pune,98855.86,,103.0,Basic,2026-01-19,1
974,42.0,Female,Delhi,35692.41,28.0,73.0,Basic,2026-02-27,0
939,42.0,Female,Chandigarh,48062.87,95.0,86.0,Basic,,0
900,50.0,Male,Jaipur,45205.95,55.0,63.0,Basic,2025-10-21,0
281,32.0,Male,Ludhiana,41209.01,6.0,30.0,Basic,2025-11-18,0
884,26.0,Other,Mumbai,81534.11,75.0,42.0,Premium,2026-09-10,1
762,46.0,Male,Pune,62068.81,90.0,64.0,Premium,2026-08-08,1
320,57.0,Male,Ludhiana,62283.61,49.0,51.0,Standard,2026-09-29,0
550,53.0,Male,Pune,81919.05,50.0,93.0,Basic,2026-07-04,0
175,54.0,Female,Jaipur,79232.32,28.0,43.0,Premium,2026-05-26,1
372,52.0,Male,  DELHI,20049.46,11.0,53.0,,2026-09-04,0
528,25.0,Male,Ludhiana,63913.93,63.0,115.0,Basic,2025-12-18,0
211,31.0,Other,Jaipur,82449.81,62.0,109.0,Standard,2025-12-20,1
